"population","city","country","continent"
37115000,"Tokyo","Japan","Asia"
33807400,"Delhi","India","Asia"
29867900,"Shanghai","China","Asia"
23935700,"Dhaka","Bangladesh","Asia"
22806700,"Sao Paulo","Brazil","South America"
22623900,"Cairo","Egypt","Africa"
22505300,"Mexico City","Mexico","North America"
22189100,"Beijing","China","Asia"
21673100,"Mumbai","India","Asia"
18967500,"Osaka","Japan","Asia"
17773900,"Chongqing","China","Asia"
17648600,"Karachi","Pakistan","Asia"
17032300,"Kinshasa","DR Congo","Africa"
16536000,"Lagos","Nigeria","Africa"
16047400,"Istanbul","Turkey","Asia"
15618300,"Buenos Aires","Argentina","South America"
15570800,"Kolkata","India","Asia"
14942000,"Manila","Philippines","Asia"
14590100,"Guangzhou","China","Asia"
14470900,"Tianjin","China","Asia"
14407100,"Lahore","Pakistan","Asia"
14008300,"Bangalore","India","Asia"
13824300,"Rio de Janeiro","Brazil","South America"
13311900,"Shenzhen","China","Asia"
12712300,"Moscow","Russia","Europe"
12053700,"Chennai","India","Asia"
11658200,"Bogota","Colombia","South America"
11436000,"Jakarta","Indonesia","Asia"
11361900,"Lima","Peru","South America"
11276700,"Paris","France","Europe"
11233900,"Bangkok","Thailand","Asia"
11068900,"Hyderabad","India","Asia"
10004800,"Seoul","South Korea","Asia"
9947550,"Nanjing","China","Asia"
9828110,"Chengdu","China","Asia"
9748030,"London","United Kingdom","Europe"
9651030,"Luanda","Angola","Africa"
9616010,"Tehran","Iran","Asia"
9567660,"Ho Chi Minh City","Vietnam","Asia"
9556880,"Nagoya","Japan","Asia"
9013840,"Xi-an","China","Asia"
8854440,"Ahmedabad","India","Asia"
8850850,"Wuhan","China","Asia"
8815630,"Kuala Lumpur","Malaysia","Asia"
8419840,"Hangzhou","China","Asia"
8350620,"Suzhou","China","Asia"
8330530,"Surat","India","Asia"
8161230,"Dar es Salaam","Tanzania","Africa"
8097282,"New York City","United States","North America"
7921130,"Baghdad","Iraq","Asia"
7830380,"Shenyang","China","Asia"
7820550,"Riyadh","Saudi Arabia","Asia"
7725860,"Hong Kong","Hong Kong","Asia"
7704940,"Foshan","China","Asia"
7675150,"Dongguan","China","Asia"
7345850,"Pune","India","Asia"
6950950,"Santiago","Chile","South America"
6938010,"Haerbin","China","Asia"
6783240,"Madrid","Spain","Europe"
6542070,"Khartoum","Sudan","Africa"
6431430,"Toronto","Canada","North America"
6324350,"Johannesburg","South Africa","Africa"
6300410,"Belo Horizonte","Brazil","South America"
6217490,"Dalian","China","Asia"
6119200,"Singapore","Singapore","Asia"
6104600,"Qingdao","China","Asia"
6014890,"Zhengzhou","China","Asia"
5940700,"Ji nan Shandong","China","Asia"
5866700,"Abidjan","Ivory Coast","Africa"
5711920,"Barcelona","Spain","Europe"
5709680,"Yangon","Myanmar","Asia"
5703630,"Addis Ababa","Ethiopia","Africa"
5696130,"Alexandria","Egypt","Africa"
5581710,"Saint Petersburg","Russia","Europe"
5541170,"Nairobi","Kenya","Africa"
5513610,"Chittagong","Bangladesh","Asia"
5499680,"Guadalajara","Mexico","North America"
5478080,"Fukuoka","Japan","Asia"
5477090,"Ankara","Turkey","Asia"
5431800,"Hanoi","Vietnam","Asia"
5315600,"Melbourne","Australia","Oceania"
5195360,"Monterrey","Mexico","North America"
5184900,"Sydney","Australia","Oceania"
5027980,"Changsha","China","Asia"
5005960,"Urumqi","China","Asia"
4977830,"Cape Town","South Africa","Africa"
4943210,"Jiddah","Saudi Arabia","Asia"
4935270,"Brasilia","Brazil","South America"
4861080,"Kunming","China","Asia"
4802450,"Changchun","China","Asia"
4728380,"Kabul","Afghanistan","Asia"
4727290,"Hefei","China","Asia"
4681770,"Yaounde","Cameroon","Africa"
4659830,"Ningbo","China","Asia"
4656520,"Shantou","China","Asia"
4534880,"New Taipei","Taiwan","Asia"
4495730,"Tel Aviv","Israel","Asia"
4490730,"Kano","Nigeria","Africa"
4454130,"Shijiazhuang","China","Asia"
4341640,"Montreal","Canada","North America"
4331970,"Rome","Italy","Europe"
4308510,"Jaipur","India","Asia"
4305130,"Recife","Brazil","South America"
4291460,"Nanning","China","Asia"
4246400,"Fortaleza","Brazil","South America"
4243960,"Kozhikode","India","Asia"
4239870,"Porto Alegre","Brazil","South America"
4226780,"Taiyuan Shanxi","China","Asia"
4203110,"Douala","Cameroon","Africa"
4190830,"Ekurhuleni","South Africa","Africa"
4184920,"Malappuram","India","Asia"
4137390,"Medellin","Colombia","South America"
4085500,"Changzhou","China","Asia"
4050830,"Kampala","Uganda","Africa"
4048670,"Antananarivo","Madagascar","Africa"
4038210,"Lucknow","India","Asia"
4025740,"Abuja","Nigeria","Africa"
4016040,"Nanchang","China","Asia"
4009530,"Wenzhou","China","Asia"
4007470,"Xiamen","China","Asia"
4004320,"Ibadan","Nigeria","Africa"
3998750,"Fuzhou Fujian","China","Asia"
3994980,"Salvador","Brazil","South America"
3950410,"Casablanca","Morocco","Africa"
3925210,"Tangshan Hebei","China","Asia"
3903480,"Kumasi","Ghana","Africa"
3852460,"Curitiba","Brazil","South America"
3830680,"Bekasi","Indonesia","Asia"
3800190,"Faisalabad","Pakistan","Asia"
3795936,"Los Angeles","United States","North America"
3661450,"Guiyang","China","Asia"
3636550,"Port Harcourt","Nigeria","Africa"
3605240,"Thrissur","India","Asia"
3587400,"Santo Domingo","Dominican Republic","North Americ"
3576870,"Berlin","Germany","Europe"
3568830,"Asuncion","Paraguay","South America"
3540460,"Dakar","Senegal","Africa"
3507050,"Kochi","India","Asia"
3498740,"Wuxi","China","Asia"
3477420,"Busan","South Korea","Asia"
3458440,"Campinas","Brazil","South America"
3415530,"Mashhad","Iran","Asia"
3407810,"Sanaa","Yemen","Asia"
3394340,"Puebla","Mexico","North America"
3393380,"Indore","India","Asia"
3365910,"Lanzhou","China","Asia"
3358930,"Ouagadougou","Burkina Faso","Africa"
3353600,"Kuwait City","Kuwait","Asia"
3324220,"Lusaka","Zambia","Africa"
3286140,"Kanpur","India","Asia"
3262130,"Durban","South Africa","Africa"
3193270,"Guayaquil","Ecuador","South America"
3183140,"Pyongyang","North Korea","Asia"
3160630,"Milan","Italy","Europe"
3159630,"Guatemala City","Guatemala","North America"
3154590,"Athens","Greece","Europe"
3133300,"Depok","Indonesia","Asia"
3120340,"Izmir","Turkey","Asia"
3106340,"Nagpur","India","Asia"
3088750,"Surabaya","Indonesia","Asia"
3086000,"Handan","China","Asia"
3083720,"Coimbatore","India","Asia"
3071050,"Huaian","China","Asia"
3060170,"Port-au-Prince","Haiti","North America"
3051060,"Zhongshan","China","Asia"
3051020,"Dubai","United Arab Emirates","Asia"
3050570,"Bamako","Mali","Africa"
3022860,"Mbuji-Mayi","DR Congo","Africa"
3020230,"Kiev","Ukraine","Europe"
3014610,"Lisbon","Portugal","Europe"
2994540,"Weifang","China","Asia"
2991730,"Caracas","Venezuela","South America"
2984150,"Thiruvananthapuram","India","Asia"
2952120,"Algiers","Algeria","Africa"
2935530,"Shizuoka","Japan","Asia"
2933960,"Lubumbashi","DR Congo","Africa"
2890430,"Cali","Colombia","South America"
2890420,"Goiania","Brazil","South America"
2889900,"Pretoria","South Africa","Africa"
2882170,"Shaoxing","China","Asia"
2861690,"Incheon","South Korea","Asia"
2834510,"Yantai","China","Asia"
2828440,"Zibo","China","Asia"
2827610,"Huizhou","China","Asia"
2811760,"Manchester","United Kingdom","Europe"
2766330,"Taipei","Taiwan","Asia"
2726820,"Mogadishu","Somalia","Africa"
2724570,"Brazzaville","Republic of the Congo","Africa"
2721160,"Accra","Ghana","Africa"
2714220,"Bandung","Indonesia","Asia"
2685360,"Damascus","Syria","Asia"
2684810,"Birmingham","United Kingdom","Europe"
2682510,"Vancouver","Canada","North America"
2674340,"Toluca de Lerdo","Mexico","North America"
2666740,"Luoyang","China","Asia"
2660950,"Sapporo","Japan","Asia"
2638159,"Chicago","United States","North America"
2633660,"Tashkent","Uzbekistan","Asia"
2633240,"Patna","India","Asia"
2624860,"Bhopal","India","Asia"
2570980,"Tangerang","Indonesia","Asia"
2555720,"Nantong","China","Asia"
2536450,"Brisbane","Australia","Oceania"
2510670,"Tunis","Tunisia","Africa"
2480550,"Peshawar","Pakistan","Asia"
2479070,"Medan","Indonesia","Asia"
2479060,"Gujranwala","Pakistan","Asia"
2464160,"Baku","Azerbaijan","Asia"
2443690,"Hohhot","China","Asia"
2436620,"San Juan","Puerto Rico","North America"
2432180,"Belem","Brazil","South America"
2430390,"Rawalpindi","Pakistan","Asia"
2422340,"Agra","India","Asia"
2406850,"Manaus","Brazil","South America"
2405660,"Kannur","India","Asia"
2402480,"Beirut","Lebanon","Asia"
2400830,"Maracaibo","Venezuela","South America"
2397410,"Liuzhou","China","Asia"
2385110,"Visakhapatnam","India","Asia"
2381240,"Baotou","China","Asia"
2373360,"Vadodara","India","Asia"
2373300,"Barranquilla","Colombia","South America"
2352680,"Phnom Penh","Cambodia","Asia"
2341430,"Sendai","Japan","Asia"
2338720,"Taoyuan","Taiwan","Asia"
2332530,"Xuzhou","China","Asia"
2319119,"Houston","United States","North America"
2317650,"Aleppo","Syria","Asia"
2297220,"Tijuana","Mexico","North America"
2294590,"Esfahan","Iran","Asia"
2294300,"Nashik","India","Asia"
2290780,"Vijayawada","India","Asia"
2252690,"Amman","Jordan","Asia"
2250100,"Putian","China","Asia"
2205410,"Multan","Pakistan","Asia"
2196820,"Grande Vitoria","Brazil","South America"
2195260,"Wuhu Anhui","China","Asia"
2184560,"Mecca","Saudi Arabia","Asia"
2181940,"Kollam","India","Asia"
2180030,"Naples","Italy","Europe"
2179930,"Daegu","South Korea","Asia"
2178600,"Conakry","Guinea","Africa"
2175100,"Yangzhou","China","Asia"
2152520,"Havana","Cuba","North America"
2152230,"Taizhou Zhejiang","China","Asia"
2149700,"Baoding","China","Asia"
2143490,"Perth","Australia","Oceania"
2132180,"Brussels","Belgium","Europe"
2120050,"Linyi Shandong","China","Asia"
2115510,"Bursa","Turkey","Asia"
2096980,"Rajkot","India","Asia"
2064730,"Minsk","Belarus","Europe"
2062880,"Hiroshima","Japan","Asia"
2056650,"Haikou","China","Asia"
2044370,"Daqing","China","Asia"
2042730,"Lome","Togo","Africa"
2035630,"Lianyungang","China","Asia"
2034330,"Yancheng Jiangsu","China","Asia"
2015740,"Panama City","Panama","North America"
2015210,"Almaty","Kazakhstan","Asia"
2013570,"Semarang","Indonesia","Asia"
2011960,"Hyderabad","Pakistan","Asia"
2007260,"Valencia","Venezuela","South America"
1991460,"Davao City","Philippines","Asia"
1990490,"Vienna","Austria","Europe"
1989200,"Rabat","Morocco","Africa"
1988440,"Ludhiana","India","Asia"
1986670,"Quito","Ecuador","South America"
1972560,"Benin City","Nigeria","Africa"
1965570,"La Paz","Bolivia","South America"
1965110,"Baixada Santista","Brazil","South America"
1942470,"West Yorkshire","United Kingdom","Europe"
1938920,"Can Tho","Vietnam","Asia"
1930370,"Zhuhai","China","Asia"
1924440,"Leon de los Aldamas","Mexico","North America"
1920730,"Quanzhou","China","Asia"
1915040,"Matola","Mozambique","Africa"
1913670,"Datong","China","Asia"
1872200,"Sharjah","United Arab Emirates","Asia"
1871910,"Madurai","India","Asia"
1871110,"Raipur","India","Asia"
1856640,"Adana","Turkey","Asia"
1855730,"Santa Cruz","Bolivia","South America"
1852670,"Palembang","Indonesia","Asia"
1847690,"Mosul","Iraq","Asia"
1840040,"Cixi","China","Asia"
1835400,"Meerut","India","Asia"
1833010,"Gaziantep","Turkey","Asia"
1826140,"La Laguna","Mexico","North America"
1806150,"Batam","Indonesia","Asia"
1805730,"Turin","Italy","Europe"
1799450,"Warsaw","Poland","Europe"
1797470,"Jiangmen","China","Asia"
1789050,"Varanasi","India","Asia"
1787280,"Hamburg","Germany","Europe"
1781360,"Montevideo","Uruguay","South America"
1780390,"Budapest","Hungary","Europe"
1774400,"Lyon","France","Europe"
1772320,"Xiangyang","China","Asia"
1767520,"Bucharest","Romania","Europe"
1758100,"Yichang","China","Asia"
1757700,"Yinchuan","China","Asia"
1742750,"Shiraz","Iran","Asia"
1738720,"Kananga","DR Congo","Africa"
1737500,"Srinagar","India","Asia"
1735360,"Monrovia","Liberia","Africa"
1731860,"Tiruppur","India","Asia"
1730520,"Jamshedpur","India","Asia"
1726330,"Suqian","China","Asia"
1725280,"Aurangabad","India","Asia"
1723730,"Qinhuangdao","China","Asia"
1719600,"Stockholm","Sweden","Europe"
1713450,"Anshan","China","Asia"
1708150,"Glasgow","United Kingdom","Europe"
1705080,"Xining","China","Asia"
1704930,"Makassar","Indonesia","Asia"
1702010,"Hengyang","China","Asia"
1701510,"Novosibirsk","Russia","Europe"
1699360,"Ulaanbaatar","Mongolia","Asia"
1694910,"Onitsha","Nigeria","Africa"
1693700,"Jilin","China","Asia"
1693380,"Anyang","China","Asia"
1692770,"Auckland","New Zealand","Oceania"
1678030,"Tabriz","Iran","Asia"
1676170,"Muscat","Oman","Asia"
1665020,"Calgary","Canada","North America"
1662607,"Phoenix","United States","North America"
1662410,"Qiqihaer","China","Asia"
1655620,"N-Djamena","Chad","Africa"
1635710,"Marseille","France","Europe"
1625940,"Cordoba","Argentina","South America"
1625320,"Jodhpur","India","Asia"
1621640,"Kathmandu","Nepal","Asia"
1613040,"Rosario","Argentina","South America"
1609260,"Tegucigalpa","Honduras","North America"
1604080,"Ciudad Juarez","Mexico","North America"
1603200,"Harare","Zimbabwe","Africa"
1603010,"Karaj","Iran","Asia"
1598980,"Medina","Saudi Arabia","Asia"
1595960,"Jining Shandong","China","Asia"
1593280,"Abu Dhabi","United Arab Emirates","Asia"
1584510,"Munich","Germany","Europe"
1584240,"Ranchi","India","Asia"
1581700,"Daejon","South Korea","Asia"
1568120,"Zhangjiakou","China","Asia"
1567620,"Edmonton","Canada","North America"
1563020,"Mandalay","Myanmar","Asia"
1559080,"Gaoxiong","Taiwan","Asia"
1558470,"Kota","India","Asia"
1556410,"Natal","Brazil","South America"
1552150,"Nouakchott","Mauritania","Africa"
1551000,"Jabalpur","India","Asia"
1538600,"Huainan","China","Asia"
1536020,"Grande Sao Luis","Brazil","South America"
1534080,"Asansol","India","Asia"
1533828,"Philadelphia","United States","North America"
1532970,"Yekaterinburg","Russia","Europe"
1532900,"Gwangju","South Korea","Asia"
1525750,"Yiwu","China","Asia"
1520630,"Chaozhou","China","Asia"
1513974,"San Antonio","United States","North America"
1508850,"Gwalior","India","Asia"
1508040,"Ganzhou","China","Asia"
1499600,"Homs","Syria","Asia"
1496260,"Niamey","Niger","Africa"
1495220,"Mombasa","Kenya","Africa"
1493350,"Allahabad","India","Asia"
1485160,"Basra","Iraq","Asia"
1483510,"Kisangani","DR Congo","Africa"
1482460,"San Jose","Costa Rica","North America"
1480470,"Amritsar","India","Asia"
1477600,"Taizhou Jiangsu","China","Asia"
1472710,"Chon Buri","Thailand","Asia"
1470920,"Jiaxing","China","Asia"
1465930,"Weihai","China","Asia"
1463650,"Hai Phong","Vietnam","Asia"
1451570,"Ottawa","Canada","North America"
1443350,"Zurich","Switzerland","Europe"
1441910,"Taian Shandong","China","Asia"
1436820,"Queretaro","Mexico","North America"
1435120,"Joao Pessoa","Brazil","South America"
1434460,"Kaifeng","China","Asia"
1430690,"Cochabamba","Bolivia","South America"
1429940,"Konya","Turkey","Asia"
1428800,"Liuyang","China","Asia"
1427890,"Liuan","China","Asia"
1426580,"Rizhao","China","Asia"
1418980,"Kharkiv","Ukraine","Europe"
1414530,"Dhanbad","India","Asia"
1412710,"Nanchong","China","Asia"
1410790,"Dongying","China","Asia"
1410700,"Belgrade","Serbia","Europe"
1406090,"Zunyi","China","Asia"
1399310,"Zhanjiang","China","Asia"
1396630,"Bucaramanga","Colombia","South America"
1393450,"Uyo","Nigeria","Africa"
1391200,"Copenhagen","Denmark","Europe"
1388996,"San Diego","United States","North America"
1387380,"Shiyan","China","Asia"
1381860,"Taizhong","Taiwan","Asia"
1380720,"Bareilly","India","Asia"
1379370,"Pointe-Noire","Republic of the Congo","Africa"
1379280,"Adelaide","Australia","Oceania"
1378230,"Suweon","South Korea","Asia"
1378010,"Mwanza","Tanzania","Africa"
1376450,"Mianyang Sichuan","China","Asia"
1376150,"Samut Prakan","Thailand","Asia"
1375980,"Maceio","Brazil","South America"
1373800,"Qom","Iran","Asia"
1372400,"Antalya","Turkey","Asia"
1361990,"Joinville","Brazil","South America"
1360780,"Tengzhou","China","Asia"
1355560,"Yingkou","China","Asia"
1352910,"Ad-Dammam","Saudi Arabia","Asia"
1349990,"Suzhou","China","Asia"
1348850,"Tanger","Morocco","Africa"
1347560,"Freetown","Sierra Leone","Africa"
1346810,"Helsinki","Finland","Europe"
1346020,"Aligarh","India","Asia"
1335970,"Moradabad","India","Asia"
1334530,"Pekan Baru","Indonesia","Asia"
1333930,"Maoming","China","Asia"
1333100,"Lilongwe","Malawi","Africa"
1329300,"Porto","Portugal","Europe"
1327950,"Prague","Czech Republic","Europe"
1324110,"Astana","Kazakhstan","Asia"
1320780,"Jieyang","China","Asia"
1317280,"Fushun Liaoning","China","Asia"
1316460,"Mysore","India","Asia"
1314920,"Abomey-Calavi","Benin","Africa"
1314780,"Ruian","China","Asia"
1313310,"Fes","Morocco","Africa"
1312630,"Port Elizabeth","South Africa","Africa"
1309900,"Florianopolis","Brazil","South America"
1309370,"Ahvaz","Iran","Asia"
1308470,"Bukavu","DR Congo","Africa"
1302753,"Dallas","United States","North America"
1300990,"Nnewi","Nigeria","Africa"
1296230,"Kazan","Russia","Europe"
1296060,"Jinhua","China","Asia"
1292130,"San Luis Potosi","Mexico","North America"
1290230,"Baoji","China","Asia"
1289670,"Durg-Bhilainagar","India","Asia"
1289250,"Bhubaneswar","India","Asia"
1287950,"Kigali","Rwanda","Africa"
1287540,"Sofia","Bulgaria","Europe"
1285750,"Pingdingshan Henan","China","Asia"
1284550,"Dublin","Ireland","Europe"
1282760,"Puning","China","Asia"
1279540,"Chifeng","China","Asia"
1277240,"Zhuzhou","China","Asia"
1277050,"Bujumbura","Burundi","Africa"
1275400,"Zhenjiang Jiangsu","China","Asia"
1272870,"Liupanshui","China","Asia"
1267870,"Barquisimeto","Venezuela","South America"
1266790,"Islamabad","Pakistan","Asia"
1264860,"Huaibei","China","Asia"
1258120,"Tasikmalaya","Indonesia","Asia"
1256550,"Maracay","Venezuela","South America"
1256160,"Bogor","Indonesia","Asia"
1253230,"Da Nang","Vietnam","Asia"
1250300,"Nanyang Henan","China","Asia"
1250300,"Nizhniy Novgorod","Russia","Europe"
1249380,"Xiangtan Hunan","China","Asia"
1247180,"Pizhou","China","Asia"
1244980,"Tiruchirappalli","India","Asia"
1243880,"Chelyabinsk","Russia","Europe"
1242320,"Mendoza","Argentina","South America"
1241150,"Luohe","China","Asia"
1240160,"Xiongan","China","Asia"
1239700,"Chandigarh","India","Asia"
1239650,"Merida","Mexico","North America"
1238380,"Jinzhou","China","Asia"
1237550,"Benxi","China","Asia"
1233580,"Binzhou","China","Asia"
1230410,"Aba","Nigeria","Africa"
1228770,"Chiang Mai","Thailand","Asia"
1225590,"Bazhong","China","Asia"
1221500,"Quetta","Pakistan","Asia"
1221450,"Kaduna","Nigeria","Africa"
1218070,"Guilin","China","Asia"
1207860,"Saharanpur","India","Asia"
1205430,"Hubli-Dharwad","India","Asia"
1201400,"Yueqing","China","Asia"
1199460,"Guwahati","India","Asia"
1196980,"Mexicali","Mexico","North America"
1194760,"Salem","India","Asia"
1193250,"Maputo","Mozambique","Africa"
1192440,"Tripoli","Libya","Africa"
1186480,"Haifa","Israel","Asia"
1186230,"Bandar Lampung","Indonesia","Asia"
1185050,"Bobo-Dioulasso","Burkina Faso","Africa"
1181820,"Amsterdam","Netherlands","Europe"
1181020,"Shimkent","Kazakhstan","Asia"
1180680,"Omsk","Russia","Europe"
1179300,"Aguascalientes","Mexico","North America"
1176620,"Hargeysa","Somalia","Africa"
1173100,"Krasnoyarsk","Russia","Europe"
1160840,"Xinxiang","China","Asia"
1159370,"Siliguri","India","Asia"
1159260,"Wenling","China","Asia"
1154450,"Samara","Russia","Europe"
1150860,"Zaozhuang","China","Asia"
1149010,"Cologne","Germany","Europe"
1147970,"Yongin","South Korea","Asia"
1146790,"Ufa","Russia","Europe"
1146340,"Fuyang","China","Asia"
1145220,"Ikorodu","Nigeria","Africa"
1143000,"Bien Hoa","Vietnam","Asia"
1142680,"Jalandhar","India","Asia"
1142540,"Panjin","China","Asia"
1140260,"Ma'anshan","China","Asia"
1140170,"Cuernavaca","Mexico","North America"
1139640,"Rostov-on-Don","Russia","Europe"
1135340,"Chihuahua","Mexico","North America"
1131720,"Fuzhou Jiangxi","China","Asia"
1131230,"Tshikapa","DR Congo","Africa"
1130890,"Shangrao","China","Asia"
1128180,"Samarinda","Indonesia","Asia"
1127720,"Bishkek","Kyrgyzstan","Asia"
1127600,"Zhaoqing","China","Asia"
1123380,"San Salvador","El Salvador","North America"
1122040,"Yichun Jiangxi","China","Asia"
1119790,"Chenzhou","China","Asia"
1119530,"Sekondi Takoradi","Ghana","Africa"
1116500,"Leshan","China","Asia"
1116190,"Aden","Yemen","Asia"
1114080,"Goyang","South Korea","Asia"
1113330,"Diyarbakir","Turkey","Asia"
1111750,"Asmara","Eritrea","Africa"
1108360,"Dezhou","China","Asia"
1108070,"Jingzhou Hubei","China","Asia"
1107120,"Managua","Nicaragua","North America"
1107000,"Johor Bahru","Malaysia","Asia"
1101610,"Kermanshah","Iran","Asia"
1101310,"Nyala","Sudan","Africa"
1100870,"Oslo","Norway","Europe"
1100390,"Kirkuk","Iraq","Asia"
1097540,"Yerevan","Armenia","Asia"
1096460,"Cartagena","Colombia","South America"
1093690,"Changshu","China","Asia"
1091810,"Huzhou","China","Asia"
1091740,"Xuchang","China","Asia"
1088130,"Solapur","India","Asia"
1085200,"Lille","France","Europe"
1084820,"Mersin","Turkey","Asia"
1084470,"Tbilisi","Georgia","Asia"
1084120,"Perm","Russia","Europe"
1083720,"Voronezh","Russia","Europe"
1075240,"Denpasar","Indonesia","Asia"
1070750,"Toulouse","France","Europe"
1070620,"Blantyre-Limbe","Malawi","Africa"
1070120,"Aracaju","Brazil","South America"
1067170,"Marrakech","Morocco","Africa"
1066900,"Qujing","China","Asia"
1064170,"Yueyang","China","Asia"
1063710,"Ilorin","Nigeria","Africa"
1062570,"Tampico","Mexico","North America"
1061090,"Antwerp","Belgium","Europe"
1059660,"Teresina","Brazil","South America"
1055920,"Guiping","China","Asia"
1055600,"Warangal","India","Asia"
1055370,"Changwon","South Korea","Asia"
1052850,"Padang","Indonesia","Asia"
1050320,"Saltillo","Mexico","North America"
1049490,"Xintai","China","Asia"
1045000,"Cancun","Mexico","North America"
1042610,"Cebu City","Philippines","Asia"
1039230,"San Miguel de Tucuman","Argentina","South America"
1034500,"Hamah","Syria","Asia"
1032770,"Acapulco de Juarez","Mexico","North America"
1031420,"Warri","Nigeria","Africa"
1025510,"Kayseri","Turkey","Asia"
1024520,"Chengde","China","Asia"
1022920,"Owerri","Nigeria","Africa"
1021920,"Rotterdam","Netherlands","Europe"
1021580,"Pingxiang Jiangxi","China","Asia"
1019600,"Zhucheng","China","Asia"
1017780,"Songkhla","Thailand","Asia"
1016580,"Valparaiso","Chile","South America"
1016400,"Dehradun","India","Asia"
1013670,"Nonthaburi","Thailand","Asia"
1013190,"Leiyang","China","Asia"
1012790,"Dushanbe","Tajikistan","Asia"
1012580,"Nampula","Mozambique","Africa"
1011120,"Misratah","Libya","Africa"
1010550,"Krasnodar","Russia","Europe"
1009730,"Laiwu","China","Asia"
1009590,"Bordeaux","France","Europe"
1008990,"Jixi Heilongjiang","China","Asia"
1008220,"San Pedro Sula","Honduras","North America"
1007600,"Odesa","Ukraine","Europe"
1004250,"Jiujiang","China","Asia"
1003020,"Lubango","Angola","Africa"
1002460,"Morelia","Mexico","North America"
1001160,"Jos","Nigeria","Africa"
999374,"Sylhet","Bangladesh","Asia"
998146,"Agadir","Morocco","Africa"
997164,"Jacksonville","United States","North America"
996756,"Fort Worth","United States","North America"
993352,"Volgograd","Russia","Europe"
992414,"Mudanjiang","China","Asia"
990310,"Guigang","China","Asia"
987814,"Najaf","Iraq","Asia"
985965,"Bangui","Central African Republic","Africa"
984567,"Austin","United States","North America"
983707,"Rajshahi","Bangladesh","Asia"
983694,"Hengshui","China","Asia"
983097,"Jerusalem","Israel","Asia"
980054,"Zhangzhou","China","Asia"
979303,"Xinyu","China","Asia"
978614,"Linfen","China","Asia"
978317,"Tianmen","China","Asia"
978202,"Ciudad Guayana","Venezuela","South America"
977081,"Zamboanga City","Philippines","Asia"
976606,"Yangjiang","China","Asia"
974518,"Taiz","Yemen","Asia"
972485,"Cucuta","Colombia","South America"
971296,"Arequipa","Peru","South America"
970907,"Liling","China","Asia"
968288,"Antipolo","Philippines","Asia"
968070,"Veracruz","Mexico","North America"
967627,"Reynosa","Mexico","North America"
965483,"Khulna","Bangladesh","Asia"
963160,"Deyang","China","Asia"
962126,"Pathum Thani","Thailand","Asia"
959784,"Bengbu","China","Asia"
959250,"Jiangyin","China","Asia"
959202,"Southampton","United Kingdom","Europe"
958118,"Villahermosa","Mexico","North America"
956976,"Baishan","China","Asia"
956433,"San Jose","United States","North America"
951808,"Nice","France","Europe"
950768,"Oran","Algeria","Africa"
947734,"West Rand","South Africa","Africa"
947634,"Cabinda","Angola","Africa"
947460,"Umuahia","Nigeria","Africa"
944877,"Bogra","Bangladesh","Asia"
944812,"Bahawalpur","Pakistan","Asia"
942159,"Seongnam","South Korea","Asia"
940205,"Guntur","India","Asia"
936766,"Dnipro","Ukraine","Europe"
934936,"Campo Grande","Brazil","South America"
933392,"Malang","Indonesia","Asia"
932892,"Londrina","Brazil","South America"
932648,"Dandong","China","Asia"
930620,"Changzhi","China","Asia"
929961,"Hermosillo","Mexico","North America"
924670,"Bhiwandi","India","Asia"
923715,"La Plata","Argentina","South America"
923164,"Charlotte","United States","North America"
922871,"Liverpool","United Kingdom","Europe"
921601,"Ashgabat","Turkmenistan","Asia"
920916,"Concepcion","Chile","South America"
919280,"Puducherry","India","Asia"
919026,"Changde","China","Asia"
918675,"Bergamo","Italy","Europe"
918218,"Firozabad","India","Asia"
917639,"Erbil","Iraq","Asia"
916862,"Tyumen","Russia","Europe"
916632,"Trujillo","Peru","South America"
916238,"Liaoyang","China","Asia"
915823,"Shangqiu","China","Asia"
915427,"Columbus","United States","North America"
914300,"Ulsan","South Korea","Asia"
913075,"Tuxtla Gutierrez","Mexico","North America"
906765,"Kuerle","China","Asia"
905868,"Soshanguve","South Africa","Africa"
904070,"Xingtai","China","Asia"
903910,"Culiacan","Mexico","North America"
902621,"Quzhou","China","Asia"
901820,"Cherthala","India","Asia"
893107,"Huangshi","China","Asia"
889767,"Fuxin","China","Asia"
885882,"Lokoja","Nigeria","Africa"
884753,"Hufuf-Mubarraz","Saudi Arabia","Asia"
883920,"Libreville","Gabon","Africa"
883326,"Yongzhou","China","Asia"
882986,"Xinghua","China","Asia"
882209,"Donetsk","Ukraine","Europe"
881480,"Yibin","China","Asia"
876665,"Indianapolis","United States","North America"
875552,"Enugu","Nigeria","Africa"
875392,"Tainan","Taiwan","Asia"
873268,"Xinyang","China","Asia"
872424,"Ipoh","Malaysia","Asia"
870714,"Luzhou","China","Asia"
870502,"Banghazi","Libya","Africa"
870201,"Maiduguri","Nigeria","Africa"
869585,"Yangquan","China","Asia"
869575,"Huaihua","China","Asia"
869479,"Xiaogan","China","Asia"
858672,"Tianshui","China","Asia"
856339,"Bunia","DR Congo","Africa"
854946,"Bozhou","China","Asia"
853635,"Kottayam","India","Asia"
852608,"Zhuji","China","Asia"
851399,"Kunshan","China","Asia"
851061,"Quebec City","Canada","North America"
850233,"Palermo","Italy","Europe"
849251,"Winnipeg","Canada","North America"
848443,"Orumiyeh","Iran","Asia"
848002,"Eskisehir","Turkey","Asia"
843207,"Benguela","Angola","Africa"
841928,"Jincheng","China","Asia"
839770,"Valencia","Spain","Europe"
838928,"Heze","China","Asia"
837687,"Saratov","Russia","Europe"
837660,"Nellore","India","Asia"
836344,"Huludao","China","Asia"
835850,"Zanzibar","Tanzania","Africa"
835805,"Barcelona Puerto La Cruz","Venezuela","South America"
835802,"Bikaner","India","Asia"
834639,"Haicheng","China","Asia"
831360,"Gebze","Turkey","Asia"
830623,"Taixing","China","Asia"
830004,"Liaocheng","China","Asia"
829361,"Zhumadian","China","Asia"
828712,"Newcastle upon Tyne","United Kingdom","Europe"
827967,"Langfang","China","Asia"
826919,"Bucheon","South Korea","Asia"
823199,"Sulaimaniya","Iraq","Asia"
822863,"Xalapa","Mexico","North America"
822471,"Malanje","Angola","Africa"
821765,"Anqiu","China","Asia"
821435,"Sorocaba","Brazil","South America"
821154,"Gaomi","China","Asia"
820886,"Dasmarinas","Philippines","Asia"
820297,"Cagayan de Oro City","Philippines","Asia"
818761,"Hanchuan","China","Asia"
818037,"Meishan","China","Asia"
816848,"Bologna","Italy","Europe"
815869,"Ar-Rayyan","Qatar","Asia"
814980,"Thessaloniki","Greece","Europe"
814491,"Muzaffarnagar","India","Asia"
813379,"Kayamkulam","India","Asia"
813078,"Nottingham","United Kingdom","Europe"
811446,"Nakhon Ratchasima","Thailand","Asia"
810450,"Danyang","China","Asia"
810149,"Ibb","Yemen","Asia"
808263,"Amravati","India","Asia"
808079,"Jiaozuo","China","Asia"
802900,"Vereeniging","South Africa","Africa"
801634,"Gorakhpur","India","Asia"
800636,"Gaza","Palestine","Asia"
800529,"Frankfurt","Germany","Europe"
795987,"Anqing","China","Asia"
795916,"Niigata","Japan","Asia"
795808,"Oshogbo","Nigeria","Africa"
795777,"Linhai","China","Asia"
794279,"Shaoguan","China","Asia"
794143,"Erduosi-Ordoss","China","Asia"
793545,"Merca","Somalia","Africa"
792925,"Bur Sa'id","Egypt","Africa"
792350,"Kitwe","Zambia","Africa"
791839,"Yan'an","China","Asia"
789558,"Cuttack","India","Asia"
788478,"San Francisco","United States","North America"
786843,"Hamilton","Canada","North America"
786197,"Zaria","Nigeria","Africa"
785125,"Banjarmasin","Indonesia","Asia"
783041,"Dengzhou","China","Asia"
783020,"Belgaum","India","Asia"
781925,"Malegaon","India","Asia"
781875,"Goma","DR Congo","Africa"
779684,"Zigong","China","Asia"
778628,"Qingyuan","China","Asia"
777193,"Yuncheng","China","Asia"
776404,"Shaoyang","China","Asia"
775672,"Yanji","China","Asia"
775455,"Tirupati","India","Asia"
775097,"Maturin","Venezuela","South America"
774356,"Yuxi","China","Asia"
773141,"Akure","Nigeria","Africa"
772756,"Tongliao","China","Asia"
770962,"Sialkot","Pakistan","Asia"
770032,"Tongling","China","Asia"
769396,"Krakow","Poland","Europe"
768822,"Ansan","South Korea","Asia"
768512,"Wuzhou","China","Asia"
767532,"Dazhou","China","Asia"
765887,"Suining Sichuan","China","Asia"
763312,"Mangalore","India","Asia"
761903,"Jiamusi","China","Asia"
759915,"Seattle","United States","North America"
759157,"Al-Hudaydah","Yemen","Asia"
757915,"Sargodha","Pakistan","Asia"
757823,"Nay Pyi Taw","Myanmar","Asia"
757506,"Tamale","Ghana","Africa"
757137,"Sao Jose dos Campos","Brazil","South America"
757035,"Bacoor","Philippines","Asia"
756344,"Dongtai","China","Asia"
755752,"Zhangjiagang","China","Asia"
755577,"Nanded Waghala","India","Asia"
754446,"Xianyang Shaanxi","China","Asia"
753708,"Amara","Iraq","Asia"
753392,"Zarqa","Jordan","Asia"
751493,"Bhavnagar","India","Asia"
751303,"Sheffield","United Kingdom","Europe"
751297,"Huambo","Angola","Africa"
750174,"Ribeirao Preto","Brazil","South America"
750036,"Panzhihua","China","Asia"
